scenario_id,source_concentration_mg_L,source_start_s,source_duration_s
ADR1D-0010,3.19235431838,2940.1709406,9277.0123412
ADR1D-0088,0.98424645082,1240.84509756,9252.01472273
ADR1D-0093,0.209788862488,1884.28002601,5443.87523711
